Workbook

Sheet Dashboard
A1: Fairfield Maintenance Command Center
A2: Interactive dashboard fed by the inspection, inventory, and recurring task sheets.
A4: Inspections Logged | B4: =COUNTA('Room Inspections'!A2:A250) | D4: Inventory Items | E4: =COUNTA('Parts Inventory'!A2:A250)
A5: Rooms Passed | B5: =COUNTIF('Room Inspections'!E2:E250,"Pass") | D5: Items to Reorder | E5: =COUNTIF('Parts Inventory'!K2:K250,"Reorder")
A6: Needs Follow-Up | B6: =COUNTIF('Room Inspections'!E2:E250,"Follow-Up") | D6: Inventory Value | E6: =SUMPRODUCT('Parts Inventory'!F2:F250,'Parts Inventory'!G2:G250)
A7: Rooms Failed | B7: =COUNTIF('Room Inspections'!E2:E250,"Fail") | D7: Critical Spares | E7: =COUNTIF('Parts Inventory'!L2:L250,"Yes")
A10: Recurring Task Completion | F10: Follow-Up Snapshot
A11: Cadence | B11: Completed | C11: Total | D11: Completion % | F11: Room / Area | G11: Priority
A12: Daily | B12: =COUNTIF('Daily Tasks'!H2:H250,"Complete") | C12: =COUNTA('Daily Tasks'!A2:A250) | D12: =IFERROR(B12/C12,0) | F12: =IF('Room Inspections'!E2<>"Pass",'Room Inspections'!D2,"") | G12: =IF(F12="","",'Room Inspections'!L2)
A13: Weekly | B13: =COUNTIF('Weekly Tasks'!H2:H250,"Complete") | C13: =COUNTA('Weekly Tasks'!A2:A250) | D13: =IFERROR(B13/C13,0) | F13: =IF('Room Inspections'!E3<>"Pass",'Room Inspections'!D3,"") | G13: =IF(F13="","",'Room Inspections'!L3)
A14: Monthly | B14: =COUNTIF('Monthly Tasks'!H2:H250,"Complete") | C14: =COUNTA('Monthly Tasks'!A2:A250) | D14: =IFERROR(B14/C14,0) | F14: =IF('Room Inspections'!E4<>"Pass",'Room Inspections'!D4,"") | G14: =IF(F14="","",'Room Inspections'!L4)
F15: =IF('Room Inspections'!E5<>"Pass",'Room Inspections'!D5,"") | G15: =IF(F15="","",'Room Inspections'!L5)
F16: =IF('Room Inspections'!E6<>"Pass",'Room Inspections'!D6,"") | G16: =IF(F16="","",'Room Inspections'!L6)

Sheet Room Inspections
A1: Detailed Room Inspections - Marriott Fairfield
A2: Track guest rooms and public spaces with pass/follow-up/fail outcomes and system-level notes.
A3: Date | B3: Wing/Area | C3: Floor | D3: Room/Space | E3: Inspection Status | F3: HVAC | G3: Plumbing | H3: Electrical | I3: Walls/Floors | J3: Life Safety | K3: Notes | L3: Priority | M3: Work Order | N3: Assigned To | O3: Target Date
A4: 2026-07-16 | B4: North Tower | C4: 1 | D4: 101 | E4: Pass | F4: OK | G4: OK | H4: OK | I4: OK | J4: OK | K4: Ready for guest turnover | L4: Low | M4: WO-2401 | N4: Chief Engineer | O4: 2026-07-16
A5: 2026-07-16 | B5: North Tower | C5: 1 | D5: 104 | E5: Follow-Up | F5: Repair | G5: OK | H5: OK | I5: OK | J5: OK | K5: PTAC making noise overnight | L5: Medium | M5: WO-2402 | N5: HVAC Tech | O5: 2026-07-17
A6: 2026-07-16 | B6: South Tower | C6: 2 | D6: 214 | E6: Fail | F6: OK | G6: Repair | H6: OK | I6: Repair | J6: OK | K6: Bathroom leak and damaged vinyl edge | L6: High | M6: WO-2403 | N6: Maintenance Supervisor | O6: 2026-07-16
A7: 2026-07-16 | B7: South Tower | C7: 3 | D7: 318 | E7: Pass | F7: OK | G7: OK | H7: OK | I7: OK | J7: OK | K7: Deep-clean complete | L7: Low | M7: WO-2404 | N7: Room Inspector | O7: 2026-07-18
A8: 2026-07-16 | B8: Main Building | C8: Lobby | D8: Fitness | E8: Follow-Up | F8: OK | G8: OK | H8: Repair | I8: OK | J8: OK | K8: Treadmill outlet trips under load | L8: Medium | M8: WO-2405 | N8: Electrician | O8: 2026-07-18

Sheet Parts Inventory
A1: Parts Inventory
A2: Manage critical spares, reorder triggers, vendors, and storage locations.
A3: Part ID | B3: Category | C3: Part Name | D3: Equipment/Area | E3: Vendor | F3: Unit Cost | G3: On Hand | H3: Min Level | I3: Reorder Qty | J3: Lead Time (Days) | K3: Reorder Status | L3: Critical Item | M3: Storage Location | N3: Notes
A4: INV-001 | B4: HVAC | C4: PTAC Filter | D4: Guest Rooms | E4: Grainger | F4: 12.5 | G4: 40 | H4: 20 | I4: 30 | J4: 4 | K4: =IF(G4<=H4,"Reorder","OK") | L4: Yes | M4: Shelf A1 | N4: Quarterly swap item
A5: INV-002 | B5: Electrical | C5: LED 9W Bulb | D5: Guest Rooms | E5: Home Depot | F5: 3.75 | G5: 80 | H5: 60 | I5: 120 | J5: 2 | K5: =IF(G5<=H5,"Reorder","OK") | L5: Yes | M5: Shelf B2 | N5: Warm white standard
A6: INV-003 | B6: Plumbing | C6: 1/2 in Supply Line | D6: Bathrooms | E6: Ferguson | F6: 9.95 | G6: 12 | H6: 15 | I6: 20 | J6: 3 | K6: =IF(G6<=H6,"Reorder","OK") | L6: No | M6: Shelf C1 | N6: Common faucet repair
A7: INV-004 | B7: Life Safety | C7: Smoke Detector | D7: Guest Rooms | E7: HD Supply | F7: 28 | G7: 8 | H7: 10 | I7: 12 | J7: 5 | K7: =IF(G7<=H7,"Reorder","OK") | L7: Yes | M7: Cage 1 | N7: Serialized component
A8: INV-005 | B8: General | C8: Door Closer | D8: Hallways | E8: Amazon Business | F8: 45 | G8: 6 | H8: 4 | I8: 6 | J8: 2 | K8: =IF(G8<=H8,"Reorder","OK") | L8: No | M8: Shelf D4 | N8: ADA compliant

Sheet Daily Tasks
A1: Daily Maintenance Tasks
A2: Use this sheet to manage daily building checks, hotel operations walk-throughs, and shift handoffs.
A3: Task ID | B3: Area | C3: Task | D3: Assigned To | E3: Frequency | F3: Due Day/Date | G3: Est. Minutes | H3: Status | I3: Last Completed | J3: Notes
A4: D-001 | B4: Boiler Room | C4: Check boiler pressure, temperature, and leak points | D4: AM Engineer | E4: Daily | F4: Every Day | G4: 20 | H4: Complete | I4: 2026-07-16 | J4: Document readings in log book
A5: D-002 | B5: Pool | C5: Verify pool chemistry and equipment alarms | D5: PM Engineer | E5: Daily | F5: Every Day | G5: 15 | H5: In Progress | I5: 2026-07-15 | J5: Coordinate with front desk on closures
A6: D-003 | B6: Public Areas | C6: Inspect lobby, corridors, and elevators for lighting or trip hazards | D6: Shift Engineer | E6: Daily | F6: Every Day | G6: 25 | H6: Not Started | I6: 2026-07-15 | J6: Open work order for deficiencies
A7: D-004 | B7: Exterior | C7: Check parking lot, signage, and entry doors | D7: Shift Engineer | E7: Daily | F7: Every Day | G7: 15 | H7: Complete | I7: 2026-07-16 | J7: Note weather-related issues

Sheet Weekly Tasks
A1: Weekly Maintenance Tasks
A2: Use this sheet to plan recurring weekly preventive maintenance work.
A3: Task ID | B3: Area | C3: Task | D3: Assigned To | E3: Frequency | F3: Due Day/Date | G3: Est. Minutes | H3: Status | I3: Last Completed | J3: Notes
A4: W-001 | B4: Guest Rooms | C4: Test sample of PTAC units and clean return grilles | D4: HVAC Tech | E4: Weekly | F4: Monday | G4: 90 | H4: Not Started | I4: 2026-07-09 | J4: Rotate floors weekly
A5: W-002 | B5: Fire Safety | C5: Test emergency lighting and exit signage | D5: Electrician | E5: Weekly | F5: Tuesday | G5: 60 | H5: Complete | I5: 2026-07-15 | J5: Log failures for replacement
A6: W-003 | B6: Water Systems | C6: Flush low-use fixtures and inspect for odor | D6: Plumber | E6: Weekly | F6: Wednesday | G6: 45 | H6: In Progress | I6: 2026-07-10 | J6: Focus on out-of-order rooms
A7: W-004 | B7: Exterior | C7: Inspect roof drains, downspouts, and grounds irrigation | D7: Grounds/Maintenance | E7: Weekly | F7: Friday | G7: 75 | H7: Not Started | I7: 2026-07-11 | J7: Escalate ponding issues immediately

Sheet Monthly Tasks
A1: Monthly Maintenance Tasks
A2: Use this sheet to track higher-touch preventive maintenance and inventory routines.
A3: Task ID | B3: Area | C3: Task | D3: Assigned To | E3: Frequency | F3: Due Day/Date | G3: Est. Minutes | H3: Status | I3: Last Completed | J3: Notes
A4: M-001 | B4: Life Safety | C4: Inspect fire extinguishers and document seal/pressure status | D4: Chief Engineer | E4: Monthly | F4: 1st Business Day | G4: 75 | H4: Not Started | I4: 2026-06-30 | J4: Coordinate with vendor if replacement is needed
A5: M-002 | B5: Guest Rooms | C5: Deep inspection of 10% of rooms with furnishings checklist | D5: Maintenance Supervisor | E5: Monthly | F5: 2nd Week | G5: 180 | H5: In Progress | I5: 2026-06-20 | J5: Use room inspection sheet for findings
A6: M-003 | B6: Inventory | C6: Cycle count critical spares and update reorder points | D6: Storeroom Clerk | E6: Monthly | F6: 3rd Week | G6: 120 | H6: Complete | I6: 2026-07-02 | J6: Match with purchasing records
A7: M-004 | B7: Mechanical | C7: Lubricate motors, bearings, and door hardware | D7: Shift Engineer | E7: Monthly | F7: Last Week | G7: 150 | H7: Not Started | I7: 2026-06-26 | J7: Record used materials

Sheet Lists
A1: Inspection Status | B1: System Status | C1: Priority | D1: Task Status | E1: Critical Item
A2: Pass | B2: OK | C2: Low | D2: Not Started | E2: Yes
A3: Follow-Up | B3: Repair | C3: Medium | D3: In Progress | E3: No
A4: Fail | B4: Replace | C4: High | D4: Complete
C5: Critical | D5: Deferred
